2004年,39.842264305869608,自供暖,41795997,116.38416792713974,3室2厅2卫,2018-10-21,738,马家堡角门 怡然家园 电梯房 满五年一套住房,133.66平米,高楼层/16层
﻿2005年,39.84287161388849,集中供暖,41507477,116.37373017200813,3室2厅2卫,2018-09-13,850,地铁十号线四号线角门西站旁瑞丽江畔东南三居室马家堡西路,141.65平米,低楼层/21层
﻿2009年,39.95952353620509,自供暖,40574263,116.54525007733763,3室2厅2卫,2018-05-06,790,东坝奥园主力三居 前后不临街 满五年唯一 无遮挡 随时看房,126.95平米,中楼层/9层
﻿1998年,39.867201189924717,集中供暖,41740110,116.43592445639433,3室1厅2卫,2018-10-14,720,二环边单价4.7万 三居 满五年一套 地铁14号线 看房随时,153平米,低楼层/25层
﻿1996年,39.86951378402764,集中供暖,40519795,116.43550675653209,3室2厅2卫,2018-04-28,717,新上！！南北通透三居室。同小区xing价比高,117.7平米,低楼层/26层
﻿2003年,39.76017827823155,自供暖,41786030,116.32545679557802,3室2厅2卫,2018-10-20,760,原生墅 南北三居 2层，小区中心，满五年且一套住房,142.5平米,低楼层/6层
﻿2006年,39.84554431906123,集中供暖,41787267,116.31643490872858,3室2厅2卫,2018-10-20,880,首经贸地铁口 万年花城板楼南北向三居 满五年V1 诚售,126.75平米,中楼层/10层
﻿2012年,39.76486821019573,自供暖,41590443,116.33628908835679,3室2厅2卫,2018-09-23,735,客厅带7.8平大阳台，宽广明亮，明厨明卫,138.04平米,中楼层/12层
﻿2006年,39.929461587418128,自供暖,41090821,116.59729523976778,3室2厅2卫,2018-07-16,730,常营6号线常营站商品房封闭性社区使用率高楼看房方便,148.8平米,低楼层/17层
﻿2001年,39.999886696235737,自供暖,41681337,116.47526021006353,3室1厅2卫,2018-10-07,860,望京西园三区 边户型 南北通透三居 满五唯一 全明格局,136.12平米,高楼层/22层
﻿2012年,39.75416948798817,集中供暖,41625937,116.330276951652,3室2厅2卫,2018-09-28,710,枣园地铁口，中建国际港，精装三居室，楼层好，看房随时,130.24平米,高楼层/34层
﻿2006年,39.934330036099549,集中供暖,41584978,116.51312018522556,3室2厅2卫,2018-09-22,858,高层全视墅大三居 五年一套,136.11平米,高楼层/27层
﻿1999年,39.9296220560065,集中供暖,41533332,116.48295586701799,3室1厅1卫,2018-09-16,745,（幸福我家）碧水园品质小区，高层大三居双阳台，两厅，亮度高,122.59平米,中楼层/22层
﻿1998年,39.98246110348387,集中供暖,41472306,116.43420609400877,3室1厅2卫,2018-09-09,720,芍药居人大附 精装3居 满五年公房 低于同户型100万,115.96平米,中楼层/18层
﻿2003年,39.86361462898721,自供暖,41435956,116.3936047730343,3室2厅1卫,2018-09-04,880,悠胜美苑大客厅，格局好的三居新品上市,127.82平米,高楼层/18层
﻿2006年,39.83911331747548,集中供暖,41377698,116.32047839873076,3室2厅2卫,2018-08-26,830,万年花城一期 南北通透精装三居 满五年 830万随时看房,117.34平米,顶层/16层
﻿2005年,39.89047466601609,集中供暖,41027749,116.46479493793405,3室2厅2卫,2018-07-07,790,东南向大三居 满五唯一商品房 欧式装修 采光好,139.72平米,中楼层/28层
﻿2005年,39.874419609459199,集中供暖,40734804,116.49408696158322,3室2厅2卫,2018-05-28,870,东南四环窑洼湖桥南北通透三居室中间楼层视野开阔采光充足,143.06平米,低楼层/23层
﻿2009年,39.93147042184093,集中供暖,40652924,116.59737560676186,3室2厅2卫,2018-05-17,828,万象新天 天际高尔夫 南北三居 采光好 诚意出售,154.47平米,低楼层/20层
﻿2002年,39.910112580510709,集中供暖,40362219,116.52441656686755,3室2厅2卫,2018-04-07,765,朝青大悦城 兴隆家园二期 东南三室两卫 满五年一套免征个税,134.64平米,低楼层/24层
﻿2010年,39.86302820199891,自供暖,38404796,116.40542717008577,3室1厅2卫,2017-07-30,759,东城区 永定门华龙美晟南北通透三居室 商品房成熟社区,113.87平米,底层/14层
﻿2003年,39.866839197567617,集中供暖,32537999,116.37581708563504,3室2厅2卫,2015-03-17,720,幸福路6号院 东西通透，复试结构 三室二厅二卫 诚意出售,162.84平米,顶层/6层
﻿2005年,39.88752645842264,自供暖,41594031,116.25912340549567,3室2厅2卫,2018-09-23,795,西四环 大成路 南北大三居 小区中间位置 采光好,141.68平米,低楼层/11层
﻿1999年,40.07493072907663,集中供暖,41248070,116.36213723232319,3室1厅2卫,2018-08-08,900,满五过户+豪华装修+商品房新小区+霍营站500米,125.06平米,高楼层/11层
﻿2001年,40.006657180030988,自供暖,41162177,116.40938417319014,3室2厅2卫,2018-07-27,830,森林公园边上 地下车位充中 正对紫玉山庄,131.65平米,低楼层/29层
﻿2008年,39.838531101892048,集中供暖,41489890,116.36941783583983,3室1厅1卫,2018-09-11,840,地铁边星河苑出售精装南北双通透大三居室可做四居使用,122.3平米,高楼层/12层
﻿2015年,39.75416948798817,集中供暖,41466298,116.330276951652,3室2厅2卫,2018-09-08,700,枣园地铁口，中建国际港，三居室，精装修，楼层好，看房随时,130.24平米,中楼层/35层
﻿2008年,39.89625516623177,集中供暖,40884306,116.50559342415368,3室2厅2卫,2018-06-16,800,新上沿海南北双卫三居室，双卧朝南，方正户型，只有契税随时看,127.36平米,低楼层/24层
﻿2004年,39.83325032576818,自供暖,40822885,116.36510649044355,3室2厅2卫,2018-06-08,830,马家堡 城南嘉园  精装修通透三居 满五一套,124.53平米,高楼层/10层
﻿2005年,39.874419609459199,集中供暖,40684088,116.49408696158322,3室2厅2卫,2018-05-21,775,急售、急售、五年一套，南向三居，户型方正,132.75平米,低楼层/23层
﻿2006年,39.84554084645028,集中供暖,40941381,116.31681268346914,3室1厅2卫,2018-06-24,880,首经贸地铁 全南向三居 满五年且名下一套住房 有钥匙,126.57平米,中楼层/29层
﻿2008年,40.13701155118213,集中供暖,40930538,116.66233448810962,3室2厅2卫,2018-06-23,705,绿港家园四区 精装修三室二厅二卫南北通透 满五年一套,166.42平米,低楼层/20层
﻿2008年,39.794124782008207,自供暖,41359485,116.3441260338709,3室2厅2卫,2018-08-24,730,理想城礼域府西南向三居 诚心出售 看房方便,128.36平米,低楼层/20层
﻿2000年,39.87576602315352,集中供暖,41000767,116.4658780882269,3室2厅1卫,2018-07-03,800,捡漏！潘家园松榆西里烟草局家属院 独院管理  业主着急出售,148.11平米,顶层/6层
﻿2003年,39.85787926101443,集中供暖,40945797,116.43574906353526,3室2厅2卫,2018-06-25,730,三环边+三居+西南向+环境优美+集中供暖+改善必选,120.89平米,高楼层/29层
﻿2009年,39.95952353620509,自供暖,40900139,116.54525007733763,3室2厅2卫,2018-06-19,835,东坝奥园满五年好位置价位能谈能谈能谈直通车库,137.59平米,中楼层/7层
﻿2004年,39.846694266562987,集中供暖,41387616,116.35981324604977,3室1厅2卫,2018-08-28,750,南三环草桥南北三居室  业主诚心卖,124.82平米,低楼层/9层
﻿2004年,39.864422877163878,集中供暖,39876191,116.393885113898,3室1厅1卫,2018-01-21,780,东城区 望陶园三室一厅一卫,134.11平米,中楼层/18层
﻿1999年,40.00401819206174,集中供暖,41682491,116.40536067571368,3室1厅1卫,2018-10-07,730,奥森公园旁慧忠北里三社区 三居室  独院管理 24小时热水,120.62平米,中楼层/25层
﻿2009年,39.93248255680425,集中供暖,41546044,116.20414765051786,3室2厅2卫,2018-09-18,880,雍景四季 中楼层精装大三居 满五唯一 小区门口地铁6号线,139.62平米,中楼层/23层
﻿2000年,40.07299490223857,集中供暖,41498223,116.32110064287258,3室2厅2卫,2018-09-12,730,龙泽苑西区一层带院 大三居 满五年,131.78平米,底层/6层
﻿2000年,39.85900238440734,集中供暖,41353288,116.42491563030197,3室2厅2卫,2018-08-23,730,地铁口 超棒南北大三居 少见户型n业主特诚心出售随时看房,147.18平米,中楼层/31层
﻿2003年,39.84261481429107,集中供暖,41308130,116.3617276888562,3室2厅2卫,2018-08-17,865,洋房社区  南北三居室  看房只需提前联系,118.14平米,高楼层/6层
﻿2011年,39.89497684062155,集中供暖,41101239,116.20670260873092,3室2厅2卫,2018-07-18,800,融景城  南北通透三室两厅两卫  精装修,132.38平米,中楼层/26层
﻿2006年,39.83784235411685,集中供暖,39915435,116.38297664391607,3室2厅2卫,2018-01-27,715,马家堡 西马金润南北通透大三居居 满五年,147.4平米,高楼层/6层
﻿2006年,39.92556150710766,集中供暖,37527923,116.50416893419397,3室2厅2卫,2017-04-20,870,晨光家园B区三室二厅二卫,136平米,低楼层/21层
﻿2006年,39.92556150710766,集中供暖,37175447,116.50416893419397,3室2厅2卫,2017-03-08,860,晨光家园B区三室二厅二卫,135平米,顶层/13层
﻿2008年,39.89834561740244,集中供暖,41022370,116.50561556753093,3室2厅2卫,2018-07-06,830,沿海赛洛城南北通透三居，不临街，前后是花园。,139.66平米,低楼层/5层
﻿2003年,39.878519830401099,集中供暖,39551191,116.31937605512732,3室1厅1卫,2017-12-12,820,首科花园 全南向三居 高楼层 户型方正 业主诚心出售,119.4平米,高楼层/26层
﻿2010年,39.77501032007979,集中供暖,40259961,116.32883496520388,3室2厅2卫,2018-03-24,718,保利茉莉公馆  南北向三室两厅两卫格局  不临街明卫,132.12平米,低楼层/22层
﻿2008年,40.04654313482354,集中供暖,41745718,116.41888512024669,3室2厅2卫,2018-10-14,800,西南三居 花园位置 双卧朝南客厅朝南 采光好,135.97平米,顶层/23层
﻿2001年,39.84677720096638,集中供暖,40109826,116.43898902282884,3室2厅2卫,2018-03-08,705,宋家庄、成寿寺嘉和人家小区03年商品房社区 西南向 高楼层,123.73平米,高楼层/23层
﻿2009年,40.111072354740297,自供暖,41124132,116.5531908613908,3室2厅2卫,2018-07-21,730,江山赋，新上全明三居两卫，不临街不把边，高楼层，,115.48平米,中楼层/11层
﻿2005年,40.03946814907959,集中供暖,40446763,116.4240831011235,3室2厅2卫,2018-04-18,750,茉藜园南北三居室 中间楼层 无遮挡满五年一套一直自住,120.8平米,低楼层/19层
﻿2012年,40.03619401291557,集中供暖,41587803,116.42778826132168,3室2厅2卫,2018-09-22,890,筑华年 南向三居室 看房方便有钥匙 业主诚售,122.35平米,低楼层/24层
﻿2006年,40.04042043270324,自供暖,41235106,116.42127006402524,3室3厅2卫,2018-08-06,780,天怡家园南北三居室 两套房一个本 楼层高视野好 看房有钥匙,153.85平米,中楼层/20层
﻿2007年,40.03946814907959,集中供暖,40853529,116.4240831011235,3室2厅2卫,2018-06-12,705,茉藜园西南向三居室，房主诚售，带车位，紧邻地铁5号线,126.72平米,高楼层/26层
﻿2000年,39.99892770748108,,40662786,116.47592281328181,3室2厅2卫,2018-05-18,810,望京新城东南三居 满五年 无敌户型 随时看 周期无限,142.93平米,低楼层/29层
﻿2005年,40.05792505026989,集中供暖,40109760,116.31491666537784,3室2厅2卫,2018-03-08,860,满五年商品房南北通透三居室出售,142.29平米,中楼层/12层
﻿1994年,39.95698142012025,集中供暖,41454299,116.44227101076088,3室2厅2卫,2018-09-06,800,三元桥左家庄 精装复式 南北通透,148.3平米,顶层/6层
﻿2004年,39.83167919174496,集中供暖,41157169,116.30136042011067,3室2厅2卫,2018-07-26,800,怡海花园三期 三居室 业主诚售,130.07平米,高楼层/18层
﻿2000年,39.99892770748108,,40069808,116.47592281328181,3室1厅1卫,2018-03-03,810,望京西园四区日不落三居室，带阳光房，带露台，前后不临街,115.87平米,高楼层/26层
﻿2000年,39.99892770748108,,41153878,116.47592281328181,3室2厅2卫,2018-07-25,830,望京新城，板楼全南三居室，采光好，双卫设计，有钥匙随时看房,125.33平米,中楼层/20层
﻿2007年,40.03946814907959,集中供暖,40625112,116.4240831011235,3室2厅2卫,2018-05-13,730,茉藜园南北通透大三居 正对花园  看房方便,153.19平米,中楼层/18层
﻿2008年,39.98417776744501,集中供暖,41454906,116.43237687141482,3室1厅1卫,2018-09-06,900,芍药居北里，08年南北三居，2梯5户，有钥匙，随时签约,116.17平米,低楼层/31层
﻿1999年,40.004165713170618,集中供暖,41397872,116.46896917717918,3室2厅1卫,2018-08-30,800,三居双卫，大户型，振国三居，高层视野好，无遮挡,155.42平米,高楼层/30层
﻿2003年,40.03773971499165,集中供暖,41183262,116.35995498332855,3室2厅1卫,2018-07-30,725,怡清园板楼正规南北三居 楼层好,120.87平米,低楼层/7层
﻿1996年,39.98943734839721,集中供暖,41479430,116.47080021627375,3室2厅1卫,2018-09-09,800,望花路西里 三居室 户型方正 视野开阔,112.04平米,中楼层/21层
﻿2003年,39.84545321793585,自供暖,40206811,116.43135612489874,3室1厅2卫,2018-03-18,750,地铁宋家庄站 政馨园 南向三居，一梯两户 空置看房随时,134.03平米,顶层/12层
﻿2009年,39.921035493916978,集中供暖,41816668,116.50457932634413,3室2厅2卫,2018-10-24,896,高档小区 中高楼层 采光好 满五年 送产权车位,138.72平米,中楼层/16层
﻿2003年,39.85964526421393,自供暖,41813826,116.31111666783412,3室2厅2卫,2018-10-23,860,丰益花园东区  近公园  业主诚心出售,144.8平米,低楼层/28层
﻿2012年,39.794124782008207,自供暖,41781782,116.3441260338709,3室2厅2卫,2018-10-19,880,礼域府 中间楼层  中间位置 精装修南北通透三居室,139.68平米,中楼层/17层
﻿2003年,39.960321762363097,集中供暖,41729677,116.50027058329738,3室2厅1卫,2018-10-13,756,东四环朝阳公园边 南北双通透三居室 改善优选 满五唯一,114.28平米,高楼层/21层
﻿2001年,39.92138996627934,集中供暖,41739431,116.25366967804507,3室2厅2卫,2018-10-14,835,玉泉三面朝南 满五年精装 看房随时,114.1平米,中楼层/11层
﻿2009年,39.92371435276894,集中供暖,41733561,116.58481195828239,3室2厅2卫,2018-10-13,830,柏林爱乐四期、南北新上三居室、居家好房子、欢迎看房,131.01平米,高楼层/8层
﻿2008年,40.05287897058062,自供暖,41824817,116.40691131376839,3室2厅2卫,2018-10-25,880,顶秀青溪花园洋房 满五年一套 环境优美 带有露台 带电梯,135.76平米,中楼层/7层
﻿2005年,39.87952210424437,集中供暖,41792592,116.2663234627758,3室2厅2卫,2018-10-21,860,30万精装修 珠江峰景南北向板楼三居 近天元公园,128.4平米,中楼层/11层
﻿2003年,39.78890062758818,集中供暖,41808963,116.49806723573588,3室1厅2卫,2018-10-23,750,房本满5年，带电梯，南北通透，不临街3居，无抵押,121.58平米,顶层/9层
﻿2004年,39.91990879267449,集中供暖,41804371,116.5857920603364,3室2厅2卫,2018-10-22,860,矮板楼，电梯房，南北通透 双卧朝南 全格局 户型方正,151.14平米,中楼层/9层
﻿2003年,40.03429747990113,自供暖,41800645,116.34864489532565,3室2厅2卫,2018-10-22,850,新地标新上正规三居室满五年 20中 采光好 诚意出售,141.38平米,高楼层/32层
﻿2001年,39.863501373618579,集中供暖,41792103,116.3963493445619,3室1厅1卫,2018-10-20,750,东城区 建予园 高层 东南向三居室.无遮挡.视野开阔,112.05平米,高楼层/16层
﻿2011年,40.13820508559864,集中供暖,41735174,116.65815874564079,3室2厅2卫,2018-10-13,700,阳光水岸 带电梯复试上下两层 精装修 楼龄新,167.67平米,高楼层/20层
﻿2010年,39.92648973184271,集中供暖,41707791,116.59741549557042,3室1厅2卫,2018-10-10,740,万象新天罗兰大道3室2厅740万,118.45平米,低楼层/14层
﻿2001年,40.00580792318377,,40827535,116.35188990673298,3室2厅1卫,2018-06-09,899,海丰园优质三居-东南西把边户型-双阳台采光充足,135.63平米,中楼层/12层
﻿2009年,39.93147042184093,集中供暖,41736282,116.59737560676186,3室2厅2卫,2018-10-13,888,朝阳常营万象天际南北通透全明格局大落地窗三居,160.2平米,高楼层/20层
﻿2005年,39.85766064963125,自供暖,41811788,116.44063140633975,3室1厅1卫,2018-10-23,780,南北超大客厅三居室户型方正，高楼层采光视野好，三环边人车分流,132.58平米,高楼层/17层
﻿2009年,40.11059660973757,自供暖,41809103,116.54852035160906,3室2厅2卫,2018-10-23,738,"南北向三室二厅二卫,拎包入住",140.88平米,高楼层/7层
﻿2006年,39.934330036099549,集中供暖,41809047,116.51312018522556,3室2厅2卫,2018-10-23,730,国美2号院小区中间位置 满五唯一 保养好,114.48平米,低楼层/27层
﻿1998年,39.93705887701652,集中供暖,41807966,116.30466097175955,3室1厅1卫,2018-10-23,880,北洼路28号院 精装三居室 高楼层 看房随时,112.85平米,高楼层/18层
﻿2014年,39.88888731210787,集中供暖,41794174,116.69550277444374,3室2厅2卫,2018-10-21,860,合生滨江帝景三居  精装修 户型方正,155.18平米,高楼层/29层
﻿2004年,39.85578777425473,集中供暖,41759090,116.395121378802,3室2厅2卫,2018-10-16,810,经典小洋房，一梯两户的南北小三居,134.53平米,中楼层/11层
﻿2014年,39.887209689835248,集中供暖,41808016,116.65437611361857,3室2厅2卫,2018-10-23,725,瑞都国际 品质三居 南北通透 采光好无遮挡,143.68平米,低楼层/19层
﻿2003年,39.92929319402795,自供暖,41816093,116.21787976768477,3室2厅2卫,2018-10-24,750,南北通透户型好楼层好 稳定出售 中间楼层,163.54平米,中楼层/6层
﻿2004年,39.90106215257836,集中供暖,41806413,116.28116092161885,3室1厅1卫,2018-10-22,848,西四环 长安街南 海淀区今日家园正规三居室,119.57平米,低楼层/24层
﻿2001年,40.006657180030988,自供暖,41788606,116.40938417319014,3室2厅2卫,2018-10-20,750,森林公园边上 单价低 业主换房诚意出售,129.59平米,低楼层/27层
﻿2005年,39.84483489558207,集中供暖,41764549,116.3640388999772,3室2厅2卫,2018-10-17,850,冬季星空全明格局3居出售,122.19平米,中楼层/21层
﻿1999年,39.83468322688625,集中供暖,41732623,116.2933269048941,3室2厅2卫,2018-10-13,735,全南向复式，大三居，科怡路,146.95平米,低楼层/18层
﻿2005年,39.929461587418128,自供暖,40032053,116.59729523976778,3室2厅2卫,2018-02-27,858,常营万象新天一层带花园双卧客厅朝南6号线,127.82平米,底层/6层
﻿2002年,39.87303270822486,自供暖,41754471,116.45913173445304,3室2厅2卫,2018-10-16,750,潘家园片区，翌景嘉园大三居，10号线地铁口的房子，满五年一套,179.71平米,中楼层/28层
﻿2000年,40.00024333848897,集中供暖,41728508,116.41394360057315,3室2厅2卫,2018-10-13,898,新上！鸟巢东+亚运村大屯地铁安慧北里逸园高层大三居，阳光无敌,129.65平米,高楼层/26层
﻿2008年,39.838531101892048,集中供暖,41595678,116.36941783583983,3室1厅1卫,2018-09-23,818,星河苑1号院 精装三居室 户型棒 拎包入住 满五年一套住房,116.89平米,高楼层/20层
﻿,39.93518652141264,集中供暖,41762650,116.64083785964164,3室2厅2卫,2018-10-17,700,北关商圈低总价大3居+运河商务区+6号线8哩岛温榆河畔洋房,158.37平米,顶层/9层
﻿2003年,39.83363201682939,集中供暖,41739200,116.29033867691608,3室1厅2卫,2018-10-14,790,怡海五期，正规大三居，欧尚,136.94平米,中楼层/33层
﻿1998年,39.87898281248953,自供暖,41802749,116.45862359762683,3室2厅2卫,2018-10-22,890,三环内 单独管理商品房小区 40平大客厅！,163.53平米,中楼层/22层
﻿2002年,39.77151237522826,集中供暖,41797854,116.32915066267148,3室2厅2卫,2018-10-21,790,青岛嘉园低密度洋房精装大三居拎包入住随时看房诚售,147.23平米,中楼层/5层
﻿2000年,39.85900238440734,集中供暖,38405799,116.42491563030197,3室2厅3卫,2017-07-30,750,方庄 芳群公寓 南向 三居 业主诚心出售,147.5平米,低楼层/31层
﻿2006年,39.934330036099549,集中供暖,41834245,116.51312018522556,3室2厅2卫,2018-10-26,740,朝阳大悦城，可改四居，餐客分离，给周期，交通方便！,128.38平米,中楼层/27层
﻿2004年,40.065324387054079,集中供暖,41802987,116.35215699875514,3室1厅2卫,2018-10-22,720,新康园 楼中楼复式 上下两层 南北通透,172.53平米,中楼层/24层
﻿1999年,40.0031706429436,集中供暖,41790588,116.46522988704474,3室2厅2卫,2018-10-20,860,南湖东园一区新出的三居，适合有老人小孩家庭，装修真的很好！,121.2平米,底层/7层
﻿2006年,39.754134274594139,集中供暖,41789768,116.32519582067444,3室2厅2卫,2018-10-20,735,红木林 环境好 高楼层 格局好送30多平米,110.23平米,高楼层/28层
﻿2016年,40.07324309875019,集中供暖,41786984,116.13161658484137,3室2厅2卫,2018-10-20,780,绿地中央广场三室二厅两卫看房有钥匙。,129.74平米,中楼层/12层
﻿2010年,39.839282905931579,集中供暖,41773918,116.4523606822873,3室2厅2卫,2018-10-18,872,中海城圣朝菲南北三居880万,135.49平米,中楼层/22层
﻿2008年,40.03824708627605,自供暖,41764398,116.4133778611046,3室2厅2卫,2018-10-17,850,媒体村东南向三居室 几十万精装 靠近奥森公园 交通便利,132.53平米,高楼层/32层
﻿2014年,39.92651087803798,集中供暖,41759274,116.68470489068048,3室2厅2卫,2018-10-16,765,珠江东都国际南北通透大三居 带独立餐厅,143.18平米,底层/15层
﻿2004年,39.870041821132627,集中供暖,41755046,116.45836183959523,3室2厅2卫,2018-10-16,900,华辉苑三居室诚意出售，三环边，环境好,150.74平米,中楼层/23层
﻿2005年,39.926500656729199,集中供暖,41753623,116.59356804581295,3室2厅2卫,2018-10-15,750,万象新天南北通透诚心出售高楼层前后无遮挡,134.94平米,中楼层/20层
﻿2008年,39.99537422340995,集中供暖,41752701,116.41141139776907,3室1厅1卫,2018-10-15,810,新上房源 亚运村 2008年建成商品房 3居室,114.61平米,中楼层/21层
﻿2002年,40.03713573984719,集中供暖,41747473,116.42040313282016,3室2厅1卫,2018-10-14,810,板楼南北通透全明格局三居室，一梯两户，中高楼层,121.3平米,高楼层/11层
﻿2008年,39.866690101759598,自供暖,41739932,116.50638148407876,3室2厅2卫,2018-10-14,836,满五唯一商品房！南东北通透的三居！中楼层！采光足,121.6平米,中楼层/12层
﻿2009年,39.957542604745068,自供暖,41734177,116.54228966927319,3室2厅2卫,2018-10-13,865,东坝地铁3号线+奥林匹克花园诚售三居+高楼层给周期,139.85平米,高楼层/9层
﻿2004年,39.88820008167614,集中供暖,41733932,116.67402373364379,3室2厅2卫,2018-10-13,700,格兰晴天130平大平层三居出售。,130.51平米,中楼层/6层
﻿2006年,39.85766064963125,自供暖,41732984,116.44063140633975,3室1厅1卫,2018-10-13,720,三环边，南北通透三居，户型正采光好，小区人车分流，环境优美,130.95平米,低楼层/16层
﻿2003年,39.76017827823155,自供暖,41731661,116.32545679557802,3室2厅2卫,2018-10-13,750,原生墅大3居，南北通透格局方正，精装修。,149.54平米,中楼层/7层
﻿2004年,40.0234208464821,,41725127,116.43053002748742,3室2厅2卫,2018-10-12,895,五环路城市绿洲 南北三居室 客厅主卧朝南 中楼层采光足,136.85平米,高楼层/9层
﻿2004年,40.06011265545104,集中供暖,41722051,116.32835763598369,3室2厅2卫,2018-10-12,750,金榜园 全明三居 眼睛户型 满五年一套 诚心出售,129.51平米,底层/11层
﻿2002年,39.85203670039148,集中供暖,41691438,116.36203084619942,3室1厅1卫,2018-10-08,720,玺萌鹏苑，位置好临河边公园,115.78平米,低楼层/24层
﻿2003年,39.76017827823155,自供暖,41672619,116.32545679557802,3室2厅2卫,2018-10-06,820,原生墅 三卧朝南三居 电梯房 满五年且一套,162.75平米,中楼层/12层
﻿2008年,39.84734788905246,自供暖,41653668,116.56224121333008,3室2厅2卫,2018-10-02,720,富力又一城B区南北通透小三居，稀有户型，满五年且一套,137.46平米,低楼层/11层
﻿2004年,39.85148450392186,自供暖,41618520,116.30988991763847,3室2厅2卫,2018-09-27,750,南北由1个2居一个1居组成的3居室 少见,126.7平米,中楼层/11层
﻿2014年,39.92651087803798,集中供暖,41607972,116.68470489068048,3室2厅2卫,2018-09-25,780,通州北关 经典大三居 看房方便 真诚在售,142.04平米,中楼层/20层
﻿2003年,39.8236258434566,集中供暖,41591334,116.31445665504482,3室2厅2卫,2018-09-22,745,新天坛医院旁 益辰欣园南北向三居 高楼层 采光非常好,141.22平米,高楼层/13层
﻿2009年,39.957542604745068,自供暖,41590572,116.54228966927319,3室2厅2卫,2018-09-23,865,东坝奥园四期 精装三居 中楼层 好位置 满五一套,137.84平米,中楼层/8层
﻿2003年,39.85787926101443,集中供暖,41564358,116.43574906353526,3室2厅2卫,2018-09-20,720,三环边+方庄桥西+南北通透三居复式+诚售,150.77平米,高楼层/29层
﻿2012年,39.76516310311186,集中供暖,41548949,116.31313698565669,3室2厅2卫,2018-09-18,790,金地仰山 东区花园洋房 低密度 大三居,140.26平米,低楼层/10层
﻿2007年,39.92031557121332,自供暖,41541616,116.52928293305337,3室2厅2卫,2018-09-17,850,阿曼寓所 南北通透三居室 满五年一套 业主诚意出售,134.73平米,低楼层/17层
﻿2002年,39.91423139026637,集中供暖,41534076,116.50260597509927,3室2厅1卫,2018-09-16,830,都会华庭 西南3居 满五年精装修 无遮挡,138.92平米,中楼层/21层
﻿2012年,39.76486821019573,自供暖,41489267,116.33628908835679,3室2厅2卫,2018-09-10,800,此房使用面积230平米左右，业主诚心出售，看房诚心出售,135.34平米,底层/14层
﻿2007年,39.732378207720177,,41477237,116.33101224833782,3室2厅2卫,2018-09-09,717,满五年、电梯房、看房随时、南北通透,143.51平米,中楼层/11层
﻿2009年,39.79052105032974,集中供暖,41476115,116.49179097835554,3室2厅2卫,2018-09-09,848,浉城3居室，南北通透，精装修，看房方便,153.15平米,中楼层/4层
﻿2006年,39.83626035177631,自供暖,41446518,116.30667447846898,3室2厅2卫,2018-09-05,820,鸿业兴园一区 满五年 精装南北大三居 紧邻新天坛医院,127.33平米,顶层/16层
﻿2001年,39.92138996627934,集中供暖,41444552,116.25366967804507,3室2厅2卫,2018-09-05,860,玉海园三面朝南+双卫+电梯满五年一套 看房方便,125平米,中楼层/11层
﻿2010年,39.839298550588747,集中供暖,41426841,116.44843237679801,3室2厅2卫,2018-09-03,795,中海城香克林三室二厅二卫东西通透通风好,138.06平米,低楼层/18层
﻿2001年,39.86671515619718,集中供暖,41376210,116.44447870897571,3室1厅2卫,2018-08-26,810,方庄 芳林苑小区  大三居超大客厅东南向业主诚心出售,140.54平米,高楼层/22层
﻿2001年,39.85964526421393,自供暖,41363917,116.31111666783412,3室2厅2卫,2018-08-25,720,西南三环丽泽商务区 丰益花园 西南3居室 商品房 拎包入住,126.69平米,低楼层/28层
﻿2006年,39.84732912260175,自供暖,41354429,116.56603377413694,3室2厅2卫,2018-08-24,795,富力又一城双卧朝南大三居，有钥匙，满五年且一套,160.2平米,低楼层/22层
﻿2006年,39.934330036099549,集中供暖,41341954,116.51312018522556,3室2厅2卫,2018-08-22,875,五年唯一 高楼层大三居 南北通透装修好,135.81平米,高楼层/27层
﻿2004年,39.86490932706998,集中供暖,41328516,116.43638220820766,3室1厅1卫,2018-08-20,780,方庄 城市芳挺 大客厅3居室 成心出售,111.34平米,低楼层/18层
﻿2002年,39.91423139026637,集中供暖,41311947,116.50260597509927,3室1厅2卫,2018-08-18,815,都会华庭满五年精装婚房，中间楼层，采光好，封闭式社区人车分流,153.56平米,中楼层/30层
﻿2010年,39.77501032007979,集中供暖,41276851,116.32883496520388,3室2厅2卫,2018-08-12,855,保利茉莉大三居 满五唯一 无贷款无抵押 随时能看急售好房,139.48平米,高楼层/18层
﻿1999年,39.83468322688625,集中供暖,41158603,116.2933269048941,3室1厅2卫,2018-07-26,740,丰台科技园阳光四季 单价低 业主急售！！！,146.5平米,低楼层/19层
﻿2000年,40.00024333848897,集中供暖,41150037,116.41394360057315,3室1厅2卫,2018-07-25,870,安慧北里逸园 单独管理的院   满五公房,119.01平米,低楼层/26层
﻿2009年,40.04654313482354,集中供暖,41139525,116.41888512024669,3室1厅2卫,2018-07-23,785,东南三居 花园位置 双卧朝南客厅朝南 采光好,127.07平米,高楼层/25层
﻿2012年,39.90663531080767,集中供暖,41130787,116.69609875062472,3室2厅2卫,2018-07-22,830,通州新城，地铁6号线， 运河公园，,138.66平米,底层/33层
﻿2002年,39.91829013694896,集中供暖,41066768,116.25419132781927,3室2厅2卫,2018-07-13,830,玉海园园中园 高视野 三卧朝南三居室 有钥匙 随时看房,126.32平米,顶层/11层
﻿2002年,39.84467871950928,自供暖,41049290,116.39092110204295,3室2厅2卫,2018-07-10,810,10号线，角门东站，商品房社区，鑫宝苑小区三居室,136.02平米,中楼层/15层
﻿,39.77512143826621,集中供暖,41001474,116.31922928324481,3室2厅2卫,2018-07-03,720,南北通透大三居，业主自住看房随时，满五年一套房,155.11平米,中楼层/12层
﻿2004年,39.842264305869608,自供暖,40984995,116.38416792713974,3室2厅2卫,2018-07-01,720,近地铁，次新社区，配套完善，交通便利，落地窗，户型通透,132.39平米,中楼层/11层
﻿2004年,39.84979298729185,集中供暖,40971902,116.36405445965315,3室2厅2卫,2018-06-29,740,南三环 马家堡 草桥 西向大三居带车位 业主诚售,120.69平米,高楼层/24层
﻿1998年,39.929007883648747,集中供暖,40971013,116.28083861198161,3室2厅1卫,2018-06-29,855,海淀区定慧寺，永安东里小区，南北通透大三居，准电梯房,116.1平米,顶层/6层
﻿2005年,39.81565575126503,自供暖,40961616,116.28434455567134,3室2厅2卫,2018-06-27,770,满五家庭只有一套 只有契税 黄金楼层 南北通透精装三居 诚售,124.73平米,中楼层/6层
﻿2003年,39.88888731210787,集中供暖,40957672,116.69550277444374,3室2厅2卫,2018-06-27,780,通州新城区 合生滨江帝景三居精装修 电梯高层户型方正,138.12平米,顶层/18层
﻿2004年,39.84979298729185,集中供暖,40904592,116.36405445965315,3室2厅2卫,2018-06-20,880,南三环 草桥 马家堡 东南金角大三居可改四居 业主诚售,161.27平米,低楼层/24层
﻿2004年,39.854734551714447,,40883921,116.38460911888426,3室1厅2卫,2018-06-16,726,三环地铁沿线，没税，采光好，无遮挡。可以看房,136.51平米,中楼层/24层
﻿2005年,40.03939481440747,自供暖,40843587,116.34440910326573,3室2厅2卫,2018-06-11,810,海淀清河：新上南北通透3居室 满五年一套 价格和周期可商量,141.08平米,低楼层/15层
﻿2008年,39.91502651661685,集中供暖,40805808,116.60490185429765,3室2厅2卫,2018-06-06,735,6号线班八通线北京新天地精装三居室 南北通透看房方便,136.1平米,高楼层/28层
﻿2012年,39.794124782008207,自供暖,40676507,116.3441260338709,3室2厅1卫,2018-05-20,766,鸿坤理想城礼域府 正规三居室 精美装修,127.71平米,高楼层/20层
﻿2006年,40.06900995861395,自供暖,40579275,116.32413907783713,3室1厅2卫,2018-05-06,700,回龙观 新龙城南北三居  看房随时,128.55平米,中楼层/15层
﻿2001年,39.979531721221068,集中供暖,40555698,116.46492827505291,3室1厅2卫,2018-05-04,810,东北四环 方舟苑2期 满5年家庭一套 可上花小,118.09平米,高楼层/25层
﻿2009年,39.86976916077957,自供暖,40523237,116.45141302104179,3室1厅2卫,2018-04-28,780,潘家园弘善家园南北通透三居室 双卫 大客厅两梯四户新上好房,131.36平米,高楼层/18层
﻿2007年,39.87980168352866,集中供暖,40513069,116.27015750088333,3室2厅2卫,2018-04-27,720,西四环岳各庄桥西 民政局建房，内部物业,121.28平米,高楼层/23层
﻿1998年,39.99892770748108,,40481474,116.47592281328181,3室2厅2卫,2018-04-22,810,望京新城，限量三居双卫，不临街，视野好，电梯楼中间层,127.01平米,中楼层/27层
﻿2006年,39.853626237091727,自供暖,40463478,116.43110062098087,3室2厅2卫,2018-04-20,818,政怡家园 三室二厅二卫 南北通透 户型方正 近地铁,141.2平米,中楼层/20层
﻿2004年,39.87407189152189,自供暖,40458951,116.43830071541506,3室1厅1卫,2018-04-19,855,东城区 左安浦园小区 周边三大公园环绕 靠近少年宫植物园,114.52平米,中楼层/17层
﻿2008年,39.77512143826621,集中供暖,40396585,116.31922928324481,3室2厅2卫,2018-04-11,750,小区中间 湖景洋房 南北大三居 满五一套,154.34平米,中楼层/5层
﻿2012年,39.76697250775507,自供暖,40393876,116.31588154073046,3室2厅2卫,2018-04-11,879,旭辉御府 双卧室朝南 三居室， 随时看房,162平米,高楼层/15层
﻿2008年,39.89834561740244,集中供暖,40385494,116.50561556753093,3室1厅2卫,2018-04-10,845,南北通透三居，满五年且一套，正对小区花园，有钥匙随时看房。,136.03平米,高楼层/9层
﻿2000年,39.95364835506424,自供暖,40366446,116.44563852900136,3室2厅2卫,2018-04-07,850,静安苑+2002年商品房+南北通透+温馨三居+管理好,125.56平米,高楼层/7层
﻿2004年,39.91758471993008,集中供暖,40342138,116.24445080293558,3室2厅2卫,2018-04-04,748,翠谷玉景大复式 04小区密度低南北向 看房方便,139.99平米,顶层/6层
﻿2001年,39.79991423642435,集中供暖,40310228,116.48898996170746,3室1厅1卫,2018-03-31,750,中间楼层大三居，采光视野好满五年,153.9平米,中楼层/20层
﻿2005年,39.845669313071358,自供暖,40249635,116.36376650096803,3室2厅2卫,2018-03-23,785,角门双地铁交汇处精装大三居 高层阳光房,142.97平米,高楼层/22层
﻿2008年,39.838531101892048,集中供暖,39928838,116.36941783583983,3室2厅2卫,2018-01-30,900,星河城东区 南北通透三居 中楼层 看房方便,127.93平米,低楼层/11层
﻿2009年,39.957542604745068,自供暖,39888936,116.54228966927319,3室2厅2卫,2018-01-23,800,奥林匹克花园四期大三居+中楼层+好位置,122.62平米,中楼层/7层
﻿2004年,39.92989587167963,自供暖,39887913,116.59313665817179,3室2厅2卫,2018-01-23,845,万象新天一区南北户型~明厨主卧明卫采光好~看房方便~拎包入住,142.11平米,中楼层/6层
﻿2004年,39.85005611448264,集中供暖,39873135,116.28785005802779,3室2厅2卫,2018-01-21,725,正阳北里 西南三 采光 有电梯,134.75平米,中楼层/24层
﻿2011年,39.743269925275807,集中供暖,39806996,116.53747513791844,3室2厅2卫,2018-01-12,700,融科香雪兰溪 一层带地下洋房,157.81平米,底层/5层
﻿2009年,39.95952353620509,自供暖,39734974,116.54525007733763,3室2厅2卫,2018-01-04,850,奥园三期 南北通透三居室 满五唯一 随时看房,136.82平米,低楼层/9层
﻿2007年,39.99147392240167,自供暖,39728394,116.45354765375282,3室1厅1卫,2018-01-03,850,本周必卖，北京香颂 业主自住精装三居室 带产权车位,140.42平米,高楼层/18层
﻿2007年,39.8508462903601,集中供暖,38944661,116.39574598838617,3室2厅2卫,2017-09-27,850,珠江骏景 南北双通透 户型方正 房本满五年 诚意出售,160.7平米,中楼层/23层
﻿2001年,39.90680415288224,集中供暖,38852262,116.26370512970924,3室2厅2卫,2017-09-16,830,百朗园三室二厅二卫 精装修 复兴路永定路交界处西南角,138.86平米,低楼层/17层
﻿2001年,39.90009291899742,集中供暖,38749648,116.44889941315077,3室1厅1卫,2017-09-05,840,加急！双花园 南北三居 满五年一套，随时能看,113.01平米,顶层/6层
﻿2006年,39.86955492952994,集中供暖,38743652,116.47000791783536,3室2厅2卫,2017-09-04,898,满五年一套商品房 高档环境社区 三室两厅两卫,134.02平米,低楼层/18层
﻿2003年,39.864393612353037,集中供暖,38699165,116.36999194952888,3室2厅2卫,2017-08-31,860,南二环，开阳里六区，东南向3居室，高楼层，采光好，视野开阔,158.64平米,高楼层/24层
﻿2006年,39.84554084645028,集中供暖,38190371,116.31681268346914,3室2厅2卫,2017-07-10,830,万年花城二期三室二厅二卫,130.3平米,底层/14层
﻿2014年,39.686485876381,自供暖,37929624,116.32365025151802,3室2厅1卫,2017-06-10,720,龙湖时代天街 东南北三面采光 可以看花园 有钥匙 满两年,170.44平米,低楼层/29层
﻿2012年,39.93518652141264,集中供暖,37822982,116.64083785964164,3室2厅2卫,2017-05-27,710,通州北关8哩岛正规大三居 采光好 花园社区电梯房 居住舒适,168平米,中楼层/10层
﻿2006年,39.84734788905246,自供暖,37766944,116.56224121333008,3室2厅2卫,2017-05-20,830,富力又一城B区三室二厅二卫,166.47平米,低楼层/19层
﻿2014年,39.755347924480499,自供暖,37654161,116.2005487590342,3室2厅2卫,2017-05-06,800,长阳半岛紫云家园怡和路6号院三室二厅二卫,163.6平米,高楼层/15层
﻿1997年,39.913219597034309,集中供暖,37432717,116.47256744033033,3室1厅1卫,2017-04-09,860,光华欣居三室一厅一卫,143.37平米,中楼层/15层
﻿2015年,39.762344199079418,集中供暖,36836461,116.21546856189595,3室2厅2卫,2017-01-13,860,熙悦山南区 三室二卫 品质小区 您温馨的家 看房联系我,141.4平米,低楼层/18层
﻿2003年,39.878519830401099,集中供暖,40300823,116.31937605512732,3室1厅1卫,2018-03-29,780,西三环 六里桥 丽泽桥 西南北三居 格局方正,120.68平米,中楼层/26层
﻿1998年,40.00060492411185,集中供暖,41834908,116.40652736996913,3室2厅1卫,2018-10-26,900,慧忠里B区 三卧朝南 少有户型 有电梯 多阳台,113平米,低楼层/24层
﻿2004年,39.881356513956109,集中供暖,41789153,116.26966677414096,3室2厅2卫,2018-10-20,700,西四环双卫三居阳光房，中间层带车位,119.06平米,中楼层/23层
﻿1999年,39.99029288311215,集中供暖,41651292,116.45981111423549,3室2厅2卫,2018-10-01,880,花家地西里南北通透三居室 采光好 带自建  独立停车位,134.1平米,底层/6层
﻿2004年,39.83291275582873,集中供暖,41302928,116.30159794479447,3室2厅2卫,2018-08-16,850,怡海泽园泽园 东南朝向三局 精装修,149.9平米,低楼层/30层
﻿1998年,39.991186182676909,集中供暖,41224771,116.4157926685542,3室1厅2卫,2018-08-05,830,亚运村精装东南三居，改善优选，总价合理送一车位,141.8平米,高楼层/18层
﻿2002年,40.07214589315312,集中供暖,40487759,116.41072939681604,3室2厅3卫,2018-04-23,725,18加19电梯复式，送10平储物间30平露台地下车位,232.27平米,高楼层/19层
﻿1998年,39.99892770748108,,40443652,116.47592281328181,3室1厅1卫,2018-04-17,820,望京新城 主力日不落三居室 中间位置  中高层无遮挡,126.11平米,高楼层/31层
﻿2000年,39.95364835506424,自供暖,37906693,116.44563852900136,3室2厅2卫,2017-06-07,850,三环里品质商品房 东西通透三居 2002年大客厅,127.3平米,底层/7层
﻿2005年,39.88752645842264,自供暖,41045367,116.25912340549567,3室2厅2卫,2018-07-09,788,长安新城南北三居 中高层 不临街 满五年一套,141.17平米,中楼层/16层
﻿2007年,39.899094631010978,集中供暖,41787243,116.51156734482972,3室2厅2卫,2018-10-20,775,百子湾家园C区就这一套商品房三居室满五年,133.82平米,低楼层/19层
﻿2007年,39.84732912260175,自供暖,41783324,116.56603377413694,3室2厅2卫,2018-10-19,730,富力又一城A区南北通透三居139.16平米730万满五年唯一,139.16平米,高楼层/22层
﻿,39.75449187065952,,41779906,116.48393465601925,3室2厅2卫,2018-10-19,840,亦庄金茂悦 恒湿恒温恒氧 科技住宅,143.46平米,低楼层/12层
﻿2007年,39.894709888834537,集中供暖,41771167,116.63521091716585,3室2厅2卫,2018-10-18,720,世纪星城 此房满五年 仅有契税、随时可签。业主自己住,136.97平米,低楼层/12层
﻿2006年,39.851263200369917,自供暖,41763277,116.31090373168536,3室2厅2卫,2018-10-17,720,正规三居，全南向，看房随时，高楼层采光杠杆地,121.8平米,高楼层/22层
﻿2015年,39.8867706075347,集中供暖,41751689,116.66002799080532,3室2厅2卫,2018-10-15,820,K2玉兰湾 品质小区 南北通透正规三居,133.85平米,低楼层/29层
﻿2005年,39.926500656729199,集中供暖,41739092,116.59356804581295,3室2厅2卫,2018-10-14,800,万象新天诚心出售6号线常营站,128.09平米,中楼层/21层
﻿2012年,39.83599023333376,自供暖,41731743,116.34061486199998,3室2厅2卫,2018-10-13,880,玉泉营周边经典三居室青秀城 楼龄新格局好有赠送面积,120.74平米,低楼层/11层
﻿2012年,39.85840847135863,自供暖,41723369,116.50578194696009,3室2厅2卫,2018-10-12,700,翠成馨园，南北三居，低楼层，采光好，满五年且一套,138.93平米,低楼层/13层
﻿2008年,39.7496330312122,集中供暖,41700417,116.54030923043678,3室2厅2卫,2018-10-10,826,F1户型，精装修没住过，带小院地上两层，地下一层，有钥匙,239.1平米,底层/5层
﻿2003年,39.882364631177299,集中供暖,41690821,116.46433832532564,3室2厅2卫,2018-10-08,740,农光里，3居2厅2卫，2卧朝南，精装修,123.95平米,顶层/22层
﻿2012年,39.76486821019573,自供暖,41642487,116.33628908835679,3室2厅2卫,2018-09-30,760,满五年唯一全明格局的三居室 南向别墅区无遮挡,138.67平米,低楼层/17层
﻿2005年,39.73852407853858,集中供暖,41537630,116.32855570436066,3室2厅2卫,2018-09-16,790,三居室两厅两位，一层带小院,138.69平米,底层/6层
﻿2005年,39.88752645842264,自供暖,41508256,116.25912340549567,3室2厅2卫,2018-09-13,765,长安新城南北三居 不临街  中楼层采光好,139.8平米,低楼层/18层
﻿2001年,39.85964526421393,自供暖,41469587,116.31111666783412,3室2厅2卫,2018-09-08,750,丰益花园东区三室二厅二卫 近地铁 临公园,126.69平米,高楼层/28层
﻿2010年,39.851189818921749,集中供暖,41364951,116.41586030893157,3室2厅2卫,2018-08-25,800,业主急售 三环边10年次新小区建邦华府 满五年一套 低总价,145.87平米,高楼层/19层
﻿2009年,39.93147042184093,集中供暖,41354232,116.59737560676186,3室2厅2卫,2018-08-23,830,万象高尔夫南北通透三居室，业主自住，精装修，高楼层,150.9平米,高楼层/6层
﻿2006年,39.83920118209374,集中供暖,41307134,116.32231878997443,3室2厅2卫,2018-08-17,850,新上+万年花城三期南北通透三居室+板楼+不临街+钥匙房,130.09平米,中楼层/17层
﻿2002年,39.84979298729185,集中供暖,41265168,116.36405445965315,3室2厅2卫,2018-08-11,889,草桥商圈 玺萌丽苑 西南向3居室精装修 看房随时,155.28平米,中楼层/24层
﻿2006年,39.84554084645028,集中供暖,41221696,116.31681268346914,3室2厅2卫,2018-08-04,850,首经贸 地铁10号线  好房不多，急售急售,121.01平米,低楼层/11层
﻿2012年,39.91935245491816,集中供暖,41158462,116.68489142020552,3室1厅2卫,2018-07-26,720,五河交汇 近大运河京贸国际城西区三居中楼层,116.4平米,中楼层/37层
﻿2006年,39.84554084645028,集中供暖,41102883,116.31681268346914,3室2厅2卫,2018-07-18,860,首经贸万年二期，急售，随时看房，户型方正 好房不能错过,120.28平米,低楼层/11层
﻿2006年,39.83920118209374,集中供暖,41065181,116.32231878997443,3室2厅2卫,2018-07-12,790,新上+南北通透三居室+紧邻地铁10号线+业主诚心出售,123.97平米,中楼层/16层
﻿2001年,39.88754175423195,集中供暖,41031630,116.4652232571729,3室2厅2卫,2018-07-08,759,华腾园  三室两厅两卫 置换,115.1平米,低楼层/28层
﻿2012年,39.90282686090241,集中供暖,40997600,116.65103371230852,3室1厅2卫,2018-07-02,830,富力金禧花园格局方正通透三居室，双卫,130.55平米,高楼层/29层
﻿2008年,39.91502651661685,集中供暖,40920832,116.60490185429765,3室2厅2卫,2018-06-22,730,长楹天街 高品质小区 北京新天地 钥匙房源 紧邻朝阳路,135.68平米,高楼层/28层
﻿2005年,40.10572900953442,自供暖,40815720,116.42477413782713,3室2厅3卫,2018-06-07,800,美树假日嘉园，精装下叠，带花园，南北通透。领包入住！,186.04平米,底层/4层
﻿2015年,40.07717294443494,集中供暖,40708850,116.36135061017467,3室2厅2卫,2018-05-25,778,美唐三居室+南北通透 +自住装修 地铁500米,127.36平米,中楼层/18层
﻿2006年,39.93337893770767,集中供暖,40594729,116.5133007868942,3室2厅2卫,2018-05-08,765,国美三期 小区前排 无遮挡 采光好 满五年随时看,143.37平米,高楼层/30层
﻿2009年,39.93147042184093,集中供暖,40452553,116.59737560676186,3室2厅2卫,2018-04-18,820,天际高尔夫南北通透大三居 采光充足 人车分流,146.46平米,高楼层/8层
﻿2002年,39.79052105032974,集中供暖,40416943,116.49179097835554,3室2厅2卫,2018-04-14,870,浉城百丽三居室 高档社区 诚心出售,154.51平米,低楼层/4层
﻿2010年,39.836130697399187,集中供暖,40329653,116.42502471237714,3室2厅2卫,2018-04-02,860,宋家庄城建开发 带电梯 不临街采光好 有钥匙,148.38平米,低楼层/8层
﻿2007年,39.91275752853347,集中供暖,40108555,116.60480962568502,3室2厅2卫,2018-03-07,735,北京新天地一期三室二厅二卫,144.69平米,高楼层/30层
﻿2003年,39.86775582750496,集中供暖,39789256,116.40186026790434,3室2厅2卫,2018-01-10,881,城市亮点 东城区 满五唯一 一师 天坛边,117.47平米,高楼层/12层
﻿2006年,39.929461587418128,自供暖,38345466,116.59729523976778,3室2厅2卫,2017-07-23,820,万象新天采光好客厅双卧朝南环境好交通便利,151.27平米,中楼层/12层
﻿2003年,39.84979298729185,集中供暖,36441683,116.36405445965315,3室2厅2卫,2016-11-22,770,玺萌丽苑 难得好户型 有钥匙随时可看,137.5平米,底层/24层
﻿1998年,39.99892770748108,,41828398,116.47592281328181,3室2厅2卫,2018-10-25,846,望京新城 满两年 原值高 不临街 随时可看房,121.31平米,高楼层/30层
﻿,39.88088407772434,,41790583,116.68552758514453,3室2厅2卫,2018-10-20,770,华业东方玫瑰 经典三居 采光好 无遮挡,133.49平米,高楼层/23层
﻿2003年,40.065324387054079,集中供暖,41759446,116.35215699875514,3室2厅2卫,2018-10-16,850,新上房源 新康园东南向三居两卫 自住装修 满五年 诚售,168.65平米,低楼层/32层
﻿2003年,39.852506253884367,集中供暖,41757342,116.39564452092277,3室1厅2卫,2018-10-16,850,南三环珠江骏景 西南向大三居采光好住家舒适诚意出售,161.43平米,中楼层/24层
﻿2001年,39.91824977454243,集中供暖,41616705,116.51725403939135,3室2厅2卫,2018-09-27,730,朝阳园全明三居，格局独特，通风好，不临街，视野好,123.41平米,中楼层/32层
﻿2001年,39.86671515619718,集中供暖,41585037,116.44447870897571,3室1厅2卫,2018-09-22,840,二环方庄地铁站 满五年商品房 正规双卫三居室 中楼层采光好,140.54平米,顶层/22层
﻿2008年,39.849152721316588,自供暖,41488951,116.30757640388693,3室1厅2卫,2018-09-11,780,八号院板楼119.41+70平大空间，商品房，没遮挡，装修好,119.42平米,底层/14层
﻿2008年,39.91893908609482,集中供暖,41469906,116.50284008911588,3室2厅2卫,2018-09-08,780,幸福我家东四环十里堡 海华堂精装西南大三居诚心出售,132.15平米,中楼层/35层
﻿2001年,39.86423073832494,集中供暖,41466793,116.28998573104018,3室2厅2卫,2018-09-08,786,七里庄 庄维花园南北三居室 全明格局紧邻公园 高楼层有钥匙,131.03平米,高楼层/22层
﻿2004年,39.92276509215969,集中供暖,41346523,116.58921161542686,3室2厅2卫,2018-08-22,750,6号线常营 柏林爱乐二期复式 西南朝向 精装修 看房方便,158.02平米,中楼层/24层
﻿2007年,39.821382184383519,自供暖,41333759,116.3125696615341,3室2厅2卫,2018-08-20,880,天坛医院南 科技园 总部基地 亿城天筑南北三居带电梯诚售,128.71平米,低楼层/9层
﻿2006年,39.934330036099549,集中供暖,41316559,116.51312018522556,3室1厅2卫,2018-08-18,858,国美2号院，甲C南北通透3室2厅2卫，看房基本方便。,134.3平米,低楼层/28层
﻿2007年,40.05287897058062,自供暖,41299918,116.40691131376839,3室2厅2卫,2018-08-16,820,南北通透 三阳台双明卫 满五年 近公园,154.92平米,高楼层/12层
﻿2006年,39.96051366711683,集中供暖,41276713,116.50748390451678,3室2厅2卫,2018-08-12,715,梵谷水郡 一层带花园，房子满五，南北通透三居室,125.12平米,底层/10层
﻿2000年,39.9046796462827,集中供暖,41259386,116.63398850806172,3室2厅2卫,2018-08-10,870,天时名苑万达商圈 精装修三居两卫,164.14平米,中楼层/20层
﻿2005年,39.874419609459199,集中供暖,41246854,116.49408696158322,3室2厅2卫,2018-08-08,818,着急东南四环、北工大奥特莱斯世纪东方城满五年,133.46平米,中楼层/23层
﻿2000年,39.90106215257836,集中供暖,41245014,116.28116092161885,3室2厅2卫,2018-08-08,850,五棵松 四环边上今日家园西北向大三居室,140.75平米,中楼层/24层
﻿2007年,39.8508462903601,集中供暖,41234937,116.39574598838617,3室2厅2卫,2018-08-06,830,花园小区珠江骏景南北双通透三居,160.7平米,低楼层/26层
﻿2008年,39.762421450051878,自供暖,41215792,116.3188213061742,3室2厅2卫,2018-08-04,778,翡翠城五期 南北通透 精装修三居室,133.36平米,低楼层/5层
﻿2009年,39.9046796462827,集中供暖,41182039,116.63398850806172,3室2厅2卫,2018-07-30,760,万达商圈天时名苑后排三居南北向满五年且一套,155.05平米,低楼层/29层
﻿2008年,39.91893908609482,集中供暖,41106345,116.50284008911588,3室2厅2卫,2018-07-18,780,幸福我家东四环十里堡 海华堂全西南大三居诚心出售,131.73平米,中楼层/35层
﻿2006年,39.83626035177631,自供暖,41072603,116.30667447846898,3室1厅2卫,2018-07-14,820,鸿业兴园大三居 朝向好 采光佳 品质小区,128.7平米,中楼层/21层
﻿2009年,39.87458715676538,集中供暖,41068026,116.67125360275529,3室2厅2卫,2018-07-13,700,临河里花涧溪，花园社区三居室双厅双卫730万,143.5平米,高楼层/12层
﻿2004年,39.82445654533429,自供暖,41030222,116.33599699811654,3室2厅2卫,2018-07-07,849,新发地  风格与林 精装下叠拼 三居诚售,128.3平米,底层/5层
﻿2007年,39.92031557121332,自供暖,40999716,116.52928293305337,3室2厅2卫,2018-07-03,900,阿曼寓所南北通透三居室 满五年一套 高楼层户型好,134.58平米,高楼层/8层
﻿2005年,39.84287161388849,集中供暖,40999260,116.37373017200813,3室1厅2卫,2018-07-03,780,瑞丽江畔大三居户型 业主诚售 随时签约,139.12平米,低楼层/21层
﻿2009年,40.04654313482354,集中供暖,40986182,116.41888512024669,3室1厅2卫,2018-07-01,820,大面积低总价满五唯一随时签约,133.01平米,低楼层/25层
﻿2008年,39.87304355638812,集中供暖,40954740,116.32514560040478,3室1厅1卫,2018-06-26,706,丽泽三室两厅  08年新房 装修不错,118.77平米,中楼层/23层
﻿2003年,39.891422276252217,集中供暖,40954128,116.22692988786347,3室1厅1卫,2018-06-26,730,重兴园南北三居双阳台，户型方正无浪费面积,121.55平米,高楼层/15层
﻿2007年,39.92556150710766,集中供暖,40902755,116.50416893419397,3室2厅2卫,2018-06-19,860,东岸 南北通透 精装三居室,131.42平米,顶层/21层
﻿2003年,39.83325032576818,自供暖,40825530,116.36510649044355,3室1厅1卫,2018-06-08,787,马家堡，公益西桥4+10号线，城南嘉园三居,112.56平米,顶层/14层
﻿2013年,39.92583531008133,,40770183,116.50795483795017,3室2厅1卫,2018-06-01,850,晨光家园C区新上南北向三居室,128.96平米,中楼层/30层
﻿2002年,39.97141901878515,自供暖,40688583,116.4819105200051,3室2厅2卫,2018-05-22,736,丽都霄云路，风景线东南三居，满五年，低楼层，出售,134.13平米,底层/24层
﻿2014年,40.04952964604281,自供暖,40625325,116.42855814573835,3室2厅2卫,2018-05-13,880,北苑+品质社区+南北三居+原值730万+人车分流+业主诚售,133.69平米,底层/29层
﻿2003年,39.9330510918148,集中供暖,40487415,116.34708729317566,3室1厅1卫,2018-04-23,900,五栋大楼 70年产权 楼龄新 小区好 诚心出售,137.4平米,低楼层/18层
﻿2005年,39.9222507637632,集中供暖,40449890,116.5231457969364,3室2厅1卫,2018-04-18,785,满五年家庭一套，南北通透三居，视野开阔,125.25平米,中楼层/26层
﻿2006年,39.851263200369917,自供暖,40439901,116.31090373168536,3室1厅2卫,2018-04-17,710,三环新城南向三居室 满五年商品房 带60平米露台 带电梯,123.25平米,顶层/10层
﻿1996年,39.86951378402764,集中供暖,40433314,116.43550675653209,3室1厅2卫,2018-04-16,830,南二环边单价4.3万，龙潭湖旁单价低,193.6平米,中楼层/31层
﻿2016年,40.07717294443494,集中供暖,40245210,116.36135061017467,3室2厅2卫,2018-03-22,758,国风美唐三期 相寓装修三居室 业主诚心出售 中间楼层,127.4平米,中楼层/18层
﻿2005年,39.93029034033354,自供暖,40229954,116.50647244142347,3室2厅2卫,2018-03-21,830,（幸福我家）满五年一套只有契税 次顶层可直接入住三居双卫,122.51平米,高楼层/9层
﻿2005年,39.91717649101301,集中供暖,40198963,116.50601358256897,3室2厅2卫,2018-03-17,760,幸福我家一眼望四环，视眼开阔，中高楼层，居家必备户型。,145.51平米,中楼层/26层
﻿2004年,39.83514849533167,自供暖,40191514,116.36797217584304,3室1厅2卫,2018-03-16,860,马家堡 公益西桥4号线 城南嘉园益明园 二居可改三居，有车位,116.39平米,低楼层/15层
﻿2000年,39.886830423933108,集中供暖,40013403,116.3225642160994,3室1厅1卫,2018-02-24,745,六里桥 太平桥东里 药监局家属楼 无遮挡,113.58平米,高楼层/20层
﻿2012年,39.83599023333376,自供暖,40002300,116.34061486199998,3室2厅2卫,2018-02-23,900,西南三环草桥青秀城经典三居室采光不错户型好,122.34平米,低楼层/20层
﻿2003年,39.845669313071358,自供暖,39572883,116.36376650096803,3室2厅2卫,2017-12-15,736,草桥地铁口附近 南向大三居火热出售中,141.64平米,低楼层/22层
﻿2001年,39.86797275393084,集中供暖,39268190,116.4592216872852,3室1厅2卫,2017-11-09,780,潘家园三环内嘉多丽园三室一厅二卫 南北向 格局方正,155.99平米,高楼层/26层
﻿2005年,39.83889326429198,集中供暖,39213428,116.38125598752264,3室2厅1卫,2017-11-02,750,全明格局板楼带电梯双卧朝南客厅朝南,124.94平米,低楼层/17层
﻿1999年,40.00022209456238,集中供暖,39177158,116.37805272981069,3室2厅1卫,2017-10-28,750,南沙滩小区 99年塔楼 电梯大三居 业主自住看房方便,115.38平米,高楼层/22层
﻿2001年,39.921191186046957,集中供暖,39157691,116.25946354789518,3室2厅2卫,2017-10-26,750,玉海园五里三室二厅一卫,131.5平米,顶层/6层
﻿2006年,39.84554084645028,集中供暖,39155087,116.31681268346914,3室2厅2卫,2017-10-25,730,万年花城二期 小三居户型,119.03平米,底层/13层
﻿2011年,39.926282334356958,集中供暖,39131441,116.68130145972258,3室2厅2卫,2017-10-22,750,新城核心区域 清水湾 全明户型 高层观景房,113.46平米,中楼层/32层
﻿2004年,39.88338838342748,集中供暖,39034852,116.63753433451653,3室2厅2卫,2017-10-10,750,靓景明居 南北通透 双卧朝南 采光好,157.57平米,低楼层/12层
﻿2006年,39.9222507637632,集中供暖,38721101,116.5231457969364,3室2厅1卫,2017-09-02,820,南北通透 满五唯一 户型方正 地理位置优越,125.25平米,中楼层/26层
﻿2014年,40.07717294443494,集中供暖,38591934,116.36135061017467,3室1厅2卫,2017-08-19,820,首开国风美唐三期三室一厅二卫,127.36平米,中楼层/18层
﻿2001年,39.91314771499018,集中供暖,38572501,116.27325433901786,3室2厅2卫,2017-08-17,845,万地名苑三室二厅二卫,151.13平米,顶层/13层
﻿2004年,39.842264305869608,自供暖,37903045,116.38416792713974,3室2厅2卫,2017-06-07,780,怡然家园三室二厅二卫,133.7平米,低楼层/16层
﻿1998年,39.92082957150497,集中供暖,37654746,116.27180549426572,3室1厅1卫,2017-05-06,886,海淀西四环有钥匙出门就是公交站,120.66平米,中楼层/6层
﻿2003年,39.864393612353037,集中供暖,37623187,116.36999194952888,3室2厅2卫,2017-05-02,860,南二环 右安门外 开阳里六区 电梯房三室东南向,158平米,低楼层/24层
﻿2008年,39.89839830858106,集中供暖,37301275,116.33955839387972,3室1厅1卫,2017-03-24,860,白云时代三室一厅一卫,123.2平米,高楼层/25层
﻿2005年,39.91059436395856,集中供暖,36619974,116.5210598455212,3室2厅2卫,2016-12-15,799,朝青高碑店四惠东正规三居 采光好 格局方正,148.37平米,低楼层/17层
﻿2001年,39.874362513198658,自供暖,38166823,116.45881205414105,3室2厅2卫,2017-07-08,810,百环花园三室二厅二卫,146.06平米,低楼层/28层
﻿,39.83889326429198,集中供暖,41420200,116.38125598752264,3室1厅1卫,2018-09-02,732,马家堡06年商品房 电梯房 合理分布大三居,124.85平米,低楼层/18层
﻿2001年,39.87702943711835,集中供暖,40705181,116.32818437431728,3室2厅1卫,2018-05-24,750,西城 单价6万5正规三居室 带电梯,115.71平米,顶层/24层
﻿,39.82601038925267,自供暖,41784160,116.52882969348497,3室2厅2卫,2018-10-19,780,和成璟园 南北通透三居室 带地下室 有本,176.76平米,底层/15层
﻿2012年,39.76486821019573,自供暖,41713565,116.33628908835679,3室2厅2卫,2018-10-11,760,明厨明卫，中楼层，看房子提前预约，有租户,138.04平米,中楼层/14层
﻿,39.88888731210787,集中供暖,41708081,116.69550277444374,3室2厅2卫,2018-10-10,860,合生滨江帝景三居精装 电梯好户型,138.12平米,中楼层/20层
﻿2014年,39.88015268587241,集中供暖,41696525,116.68495870223133,3室2厅2卫,2018-10-09,740,临河里华业东方玫瑰3居2卫高层观景环球影城毛坯看房随时,128.07平米,高楼层/25层
﻿,39.88088407772434,,41695319,116.68552758514453,3室2厅2卫,2018-10-09,790,华业东方玫瑰A区好位置 观景大三居 电梯房,142.74平米,低楼层/30层
﻿1996年,39.86951378402764,集中供暖,41692617,116.43550675653209,3室1厅2卫,2018-10-08,770,二环边新上（南北大三居双卫）高品质物业  业主诚售 方庄红楼,123.4平米,高楼层/28层
﻿2008年,39.84734788905246,自供暖,41683428,116.56224121333008,3室2厅2卫,2018-10-07,780,富力又一城南北通透三居，前后赠阳台。,147.19平米,低楼层/15层
﻿2001年,39.851263200369917,自供暖,41672793,116.31090373168536,3室1厅2卫,2018-10-06,705,6号院南向大三居，中间层采光好，满五年一套，朝院内花园,122.88平米,中楼层/22层
﻿2001年,39.86671515619718,集中供暖,41672325,116.44447870897571,3室2厅2卫,2018-10-06,899,东南金角，中高楼层采光好，没有遮挡，业主诚心出售,148.31平米,中楼层/22层
﻿2000年,39.91031660038155,集中供暖,41671184,116.6846062899054,3室2厅2卫,2018-10-06,729,武夷花园荔景园南北电梯复式紧邻新城 运河公园,151.49平米,高楼层/13层
﻿2006年,39.82445654533429,自供暖,41669051,116.33599699811654,3室1厅4卫,2018-10-05,848,南四环新发地 风格与林  叠拼三居室送露台 满五年,183.57平米,中楼层/5层
﻿2005年,39.89047466601609,集中供暖,41658348,116.46479493793405,3室2厅1卫,2018-10-04,760,东三环  双井桥 百环家园 西南向精装大三居,125.63平米,低楼层/28层
﻿2001年,39.79991423642435,集中供暖,41643583,116.48898996170746,3室2厅2卫,2018-09-30,726,林肯公园旁，电梯高楼层全明格局大三居,139.94平米,中楼层/20层
﻿,39.94190816211217,,41626554,116.29302764176164,3室1厅1卫,2018-09-28,900,望塔园 南北通透三居室 满五年 中间楼层 采光充足,110.82平米,中楼层/17层
﻿2012年,39.76486821019573,自供暖,41600796,116.33628908835679,3室2厅2卫,2018-09-25,800,业主自住随时看房高楼层从新装修 欧式风格豪华装修,138.49平米,高楼层/18层
﻿2001年,40.00974531482107,自供暖,41561035,116.46103022527673,3室2厅1卫,2018-09-20,900,望馨园 满五唯一 塔楼南北双通透户型 不临街 中高层,124平米,高楼层/29层
﻿2014年,39.751714497517827,集中供暖,41539915,116.20373212914507,3室2厅2卫,2018-09-17,790,新上房源  +大户型+优质社区,166.35平米,低楼层/15层
﻿1996年,39.86951378402764,集中供暖,41539419,116.43550675653209,3室2厅2卫,2018-09-17,798,新上房源（二环边南北三居）双卫 业主诚售 单独物业管理,123.4平米,低楼层/28层
﻿1996年,39.86951378402764,集中供暖,41515202,116.43550675653209,3室2厅2卫,2018-09-14,730,新上 南北通透 把边三居室可改四居 南北对花园,117.7平米,低楼层/28层
﻿2009年,39.93147042184093,集中供暖,41511515,116.59737560676186,3室2厅2卫,2018-09-13,856,南北通透三居 高楼层 景观高尔夫球场 两梯两户 人车分流,164.7平米,中楼层/21层
﻿2004年,40.03153146187164,集中供暖,41510055,116.33834075031246,3室2厅2卫,2018-09-13,838,力度家园 南北三居室 全明格局 电梯房 高楼层满五年,142.24平米,中楼层/23层
﻿2001年,39.90625636582404,自供暖,41509308,116.47588557211415,3室2厅2卫,2018-09-13,778,大望路 SOHO现代城 东向三居室 只有契税 随时看房,143.19平米,低楼层/29层
﻿2006年,40.04042043270324,自供暖,41500177,116.42127006402524,3室2厅2卫,2018-09-12,760,天怡家园南向三居 客厅落地阳台 卧室全带飘窗 高楼层 采光足,130.61平米,高楼层/20层
﻿2006年,39.867858852494958,自供暖,41482810,116.68255766450074,3室2厅2卫,2018-09-10,730,DBC加州小镇139.62平南北通透3居室出售,139.62平米,高楼层/7层
﻿2010年,40.05730419873898,自供暖,41480254,116.41019128536185,3室1厅2卫,2018-09-10,718,立水桥站，南北通透三居室，商品房，2010年小区,135.37平米,顶层/21层
﻿2002年,39.852506253884367,集中供暖,41473726,116.39564452092277,3室1厅2卫,2018-09-09,880,南三环，高品质小区，东南向，婚房装修大三居,159.03平米,高楼层/26层
﻿2006年,39.84732912260175,自供暖,41469762,116.56603377413694,3室2厅2卫,2018-09-08,850,富力又一城南北通透大三居，近公园，不临街,172.17平米,高楼层/11层
﻿2005年,39.89047466601609,集中供暖,41450368,116.46479493793405,3室2厅2卫,2018-09-06,730,东三环 劲松百环家园 满五年一套 业主诚意售房,138.6平米,低楼层/26层
﻿1995年,39.91491651577768,集中供暖,41448994,116.50295819228613,3室2厅2卫,2018-09-06,830,十里堡 城市广场 高层精装西南三居 满五年且一 无遮挡,165.21平米,高楼层/26层
﻿2009年,39.823318344887209,集中供暖,41445862,116.51762272752906,3室2厅2卫,2018-09-05,790,大兴亦庄五环边近欢乐谷 金色漫香林洋房三居室满五年,152.16平米,中楼层/4层
﻿2005年,39.762421450051878,自供暖,41419300,116.3188213061742,3室2厅2卫,2018-09-02,800,别墅区里花园洋房，小区安静，人文素质非常高,142.04平米,中楼层/6层
﻿2005年,39.934330036099549,集中供暖,41414544,116.51312018522556,3室2厅2卫,2018-09-01,880,6号线青年路站，前排无遮挡，南北通透三居，有钥匙，随时可看！,140.08平米,低楼层/27层
﻿2009年,39.9046796462827,集中供暖,41393684,116.63398850806172,3室1厅2卫,2018-08-29,765,三卧朝南，落地飘窗，万达商圈，交通方便,155.68平米,低楼层/22层
﻿2005年,39.83834925959574,集中供暖,41376798,116.41964347423169,3室2厅2卫,2018-08-27,868,南三环半地铁十号线石榴庄站 彩虹城南北大三居双卫带储物间,125.97平米,中楼层/10层
﻿1992年,39.979286093344068,集中供暖,41371020,116.47103406332701,3室1厅1卫,2018-08-26,830,望京 花家地南里 板楼低楼层大三居 明厨明卫,128.3平米,低楼层/7层
﻿2009年,40.04654313482354,集中供暖,41344311,116.41888512024669,3室2厅2卫,2018-08-22,820,东南三居 花园位置 双卧朝南客厅朝南 采光好,135.97平米,低楼层/23层
﻿2001年,39.85964526421393,自供暖,41333258,116.31111666783412,3室2厅2卫,2018-08-20,720,三室两厅两卫 采光好无遮挡 可聊,126.52平米,顶层/28层
﻿2004年,39.91758471993008,集中供暖,41329702,116.24445080293558,3室2厅2卫,2018-08-20,850,翠谷复式三居室 双卫 看房随时 全天采光 满五年一套,141.96平米,高楼层/7层
﻿,39.84467855613339,,41327818,116.3566802427454,3室2厅2卫,2018-08-20,880,恋日嘉园一期南北通透三居室 不临街  前后无遮挡,138.77平米,中楼层/13层
﻿2005年,39.874419609459199,集中供暖,41318122,116.49408696158322,3室2厅2卫,2018-08-18,890,东方城三期南北通透精装修三居室，视野好，采光好,141.5平米,高楼层/22层
﻿2004年,39.84979298729185,集中供暖,41300125,116.36405445965315,3室2厅2卫,2018-08-16,760,南三环边，草桥玺萌丽苑西向三居，有钥匙看房方便，满五年,119.68平米,低楼层/24层
﻿2009年,39.93147042184093,集中供暖,41295225,116.59737560676186,3室2厅2卫,2018-08-15,900,万象新天天机高尔夫，高层，视野开阔，客厅朝南三居室,169.68平米,中楼层/21层
﻿2005年,39.89047466601609,集中供暖,41290961,116.46479493793405,3室2厅2卫,2018-08-14,750,东三环双井劲松 百环家园 业主满五年一套住房 看花园 无遮挡,138.6平米,中楼层/26层
﻿2012年,39.89996847757736,集中供暖,41280784,116.21954994213698,3室2厅2卫,2018-08-13,850,鲁谷景观房 诗景长安南北3居 中间楼层 公园旁 很少见的好房,141.93平米,中楼层/27层
﻿2007年,39.86512916741276,集中供暖,41279896,116.67932521200034,3室2厅2卫,2018-08-13,888,瑞都公园世家南北精装大三居全天采光无遮挡,148.74平米,底层/6层
﻿2009年,39.839298550588747,集中供暖,41271669,116.44843237679801,3室2厅2卫,2018-08-11,870,中海城香克林 3室2厅 870万,145.15平米,高楼层/11层
﻿2003年,39.84545321793585,自供暖,41256037,116.43135612489874,3室2厅2卫,2018-08-09,820,宋家庄 政馨园三区 满五年商品 南北三居,132.5平米,中楼层/12层
﻿2001年,40.03933719392153,集中供暖,41243428,116.42792923932989,3室2厅2卫,2018-08-07,760,板楼南北通透。满五年名下一套房，双地铁，配套齐全,142.99平米,顶层/13层
﻿2016年,39.88888731210787,集中供暖,41239732,116.69550277444374,3室2厅2卫,2018-08-07,829,通州新城 合生滨江帝景 三居精品户型 新社区电梯房 业主诚售,138.33平米,中楼层/18层
﻿2000年,39.85794512599851,集中供暖,41221454,116.41908952543824,3室2厅2卫,2018-08-04,780,三环里 24小时热水，地铁5号线刘家窑站,169.16平米,中楼层/25层
﻿2009年,39.839298550588747,集中供暖,41204340,116.44843237679801,3室1厅2卫,2018-08-02,840,中海城香克林3室2厅三居室142.54米,142.54平米,低楼层/22层
﻿2006年,39.88773472776173,自供暖,41196269,116.25623698782121,3室2厅2卫,2018-08-01,738,玉泉路南 青塔 大成路林栖园 南北三居中间楼层,131.26平米,中楼层/6层
﻿133.66平米,738,马家堡角门 怡然家园 电梯房 满五年一套住房,39.842264305869608,3室2厅2卫,高楼层/16层,自供暖,2018-10-21,2004年,116.38416792713974,41795997
﻿141.65平米,850,地铁十号线四号线角门西站旁瑞丽江畔东南三居室马家堡西路,39.84287161388849,3室2厅2卫,低楼层/21层,集中供暖,2018-09-13,2005年,116.37373017200813,41507477
﻿126.95平米,790,东坝奥园主力三居 前后不临街 满五年唯一 无遮挡 随时看房,39.95952353620509,3室2厅2卫,中楼层/9层,自供暖,2018-05-06,2009年,116.54525007733763,40574263
﻿153平米,720,二环边单价4.7万 三居 满五年一套 地铁14号线 看房随时,39.867201189924717,3室1厅2卫,低楼层/25层,集中供暖,2018-10-14,1998年,116.43592445639433,41740110
﻿117.7平米,717,新上！！南北通透三居室。同小区xing价比高,39.86951378402764,3室2厅2卫,低楼层/26层,集中供暖,2018-04-28,1996年,116.43550675653209,40519795
